post_id,date,platform,content_type,post_hour,followers,hashtags,reach,impressions,likes,comments,shares
1,2025-03-27,Instagram,Image,13,16505,11,4998,6788,182,21,22
2,2025-07-20,Instagram,Reel/Short,17,81030,12,55603,68067,3094,252,399
3,2025-02-27,Instagram,Video,19,59823,1,29536,33139,1225,211,98
4,2025-05-19,Instagram,Reel/Short,23,42552,3,35526,62699,2459,357,182
5,2025-08-17,Facebook,Reel/Short,14,105625,15,41536,50080,2908,346,185
6,2025-09-11,Facebook,Carousel,20,60476,8,34971,48773,2027,314,137
7,2025-09-28,Facebook,Video,9,9031,4,3971,6306,295,23,37
8,2025-12-25,LinkedIn,Reel/Short,1,21672,12,3780,5838,104,12,3
9,2025-04-10,Facebook,Reel/Short,21,56630,7,40994,63637,2714,499,276
10,2025-04-01,Twitter/X,Video,12,81324,15,17119,29606,726,83,50
11,2025-06-21,LinkedIn,Image,19,99536,14,16301,19526,416,,39
12,2025-05-20,Facebook,Carousel,9,85122,11,26708,29641,1831,234,238
13,2025-06-19,Facebook,Carousel,17,61511,4,16259,25015,698,129,90
14,2025-08-31,Instagram,Reel/Short,19,11431,6,11213,14360,777,115,80
15,2025-06-26,Instagram,Image,22,99815,15,19726,31724,996,165,74
16,2025-07-08,Instagram,Video,13,22643,8,12817,20607,867,150,114
17,2025-09-18,Twitter/X,Video,23,64507,2,8781,13033,348,54,26
18,2025-09-29,Facebook,Reel/Short,7,94243,7,42795,73964,1931,342,135
19,2025-03-20,Instagram,Image,11,116248,6,24550,35894,,232,203
20,2025-03-03,Facebook,Reel/Short,8,83224,0,76467,99337,6002,814,268
21,2025-01-19,Facebook,Image,8,102765,4,23579,40523,999,146,130
22,2025-12-14,Instagram,Image,6,85992,10,36823,44656,2945,407,363
23,2025-03-24,Twitter/X,Reel/Short,19,8347,11,3982,6199,165,21,20
24,2025-06-18,Instagram,Image,14,54193,13,28691,40808,1157,64,145
25,2025-04-27,Facebook,Reel/Short,8,115904,2,71233,91520,2102,325,162
26,2025-01-31,Instagram,Text,19,72638,7,48933,73992,1450,129,132
27,2025-12-01,Twitter/X,Image,7,62806,8,11440,14722,670,128,67
28,2025-02-24,Facebook,Text,18,34016,13,8182,12078,196,31,21
29,2025-03-21,Instagram,Video,5,67721,11,34491,50670,1563,304,223
30,2025-09-26,Twitter/X,Video,18,97726,3,22016,37498,995,139,141
31,2025-05-16,LinkedIn,Reel/Short,8,102848,14,23908,27470,622,116,33
32,2025-07-27,Facebook,Video,14,93564,1,21973,32785,571,80,80
33,2025-03-08,Twitter/X,Text,14,10956,3,999,1540,63,3,8
34,2025-08-10,YouTube,Video,16,81435,2,29168,52268,1545,,75
35,2025-01-19,Twitter/X,Carousel,21,95822,10,26506,46466,759,89,36
36,2025-09-12,Facebook,Carousel,10,34690,13,12566,18497,924,49,78
37,2025-10-23,YouTube,Image,10,32221,14,18963,29025,1185,184,109
38,2025-04-26,YouTube,Video,20,90423,13,66796,102584,4857,640,715
39,2025-02-06,Instagram,Reel/Short,7,105024,6,42681,70687,2516,246,127
40,2025-10-29,LinkedIn,Image,8,14107,7,1486,1860,96,14,5
41,2025-12-17,Instagram,Reel/Short,18,7304,3,5183,6265,353,40,34
42,2025-10-12,Facebook,Video,5,37596,4,6817,9775,501,61,35
43,2025-03-06,Facebook,Reel/Short,7,36364,2,12928,14592,718,65,40
44,2025-09-28,Instagram,Reel/Short,10,39299,1,12271,17859,968,,42
45,2025-09-20,Twitter/X,Video,17,13029,12,2378,3736,82,11,10
46,2025-03-09,Instagram,Image,15,117501,9,50002,88452,1024,162,131
47,2025-02-20,Facebook,Reel/Short,20,15601,2,8295,11394,168,32,7
48,2025-10-26,YouTube,Reel/Short,18,35850,2,41492,60007,2726,462,243
49,2025-05-08,Instagram,Video,22,36085,,10904,17547,541,49,78
50,2025-05-20,Instagram,Reel/Short,23,82445,4,31070,49988,906,107,105
51,2025-07-02,Instagram,Reel/Short,3,100129,9,128617,231279,3556,414,260
52,2025-03-13,Facebook,Video,20,55436,2,16338,26324,518,42,50
53,2025-01-21,LinkedIn,Text,13,77469,4,10090,13677,527,32,66
54,2025-05-23,Facebook,Image,17,23589,14,5058,6058,260,38,15
55,2025-12-18,Twitter/X,Video,18,42820,8,15974,23908,1178,182,127
56,2025-01-11,YouTube,Reel/Short,16,84048,1,47004,65146,1104,158,52
57,2025-01-04,LinkedIn,Text,19,77257,6,14547,22055,784,123,89
58,2025-05-14,LinkedIn,Video,11,88969,2,20224,33338,852,136,109
59,2025-09-15,Facebook,Reel/Short,10,41944,10,30718,46951,1810,279,231
60,2025-04-01,Facebook,Carousel,13,75203,10,16083,24936,1147,67,58
61,2025-12-06,Facebook,Reel/Short,11,36564,4,15617,23914,957,124,125
62,2025-12-09,YouTube,Image,17,71448,0,24257,40315,1248,141,136
63,2025-05-04,Facebook,Carousel,12,67295,2,17896,24623,358,67,34
64,2025-04-08,YouTube,Image,8,63397,9,14433,17982,979,108,80
65,2025-03-27,Instagram,Text,13,114888,13,29346,40728,2100,319,277
66,2025-08-18,YouTube,Image,7,47353,14,13168,21981,574,58,48
67,2025-04-03,Instagram,Text,7,66326,0,6976,9313,201,34,27
68,2025-02-23,LinkedIn,Image,14,44079,6,5384,9104,194,13,8
69,2025-07-08,Instagram,Text,19,119172,4,32538,42174,1780,151,208
70,2025-07-24,Facebook,Carousel,22,60831,11,22224,37316,1016,146,50
71,2025-01-11,Instagram,Image,1,64232,12,17878,23626,600,59,24
72,2025-10-12,YouTube,Video,18,73274,7,26637,45131,,204,171
73,2025-07-17,Facebook,Video,9,20767,7,4273,6605,121,18,9
74,2025-05-19,Twitter/X,Video,16,47997,1,16475,29621,735,102,72
75,2025-11-11,Facebook,Video,13,20453,5,6193,8809,478,85,33
76,2025-01-05,Twitter/X,Carousel,18,112592,14,35142,61711,2188,191,188
77,2025-02-22,LinkedIn,Reel/Short,18,93269,3,33025,57918,2422,197,85
78,2025-07-26,Facebook,Video,15,76216,15,18720,29706,478,76,47
79,2025-07-30,Twitter/X,Carousel,19,95338,15,24123,41819,498,54,71
80,2025-08-20,Twitter/X,Carousel,13,57057,1,7871,11933,252,38,33
81,2025-02-14,Twitter/X,Text,23,70552,5,9085,15534,,46,15
82,2025-12-15,Twitter/X,Reel/Short,18,35847,10,15686,21924,1067,107,58
83,2025-06-06,YouTube,Text,8,88097,14,13594,17213,1028,163,69
84,2025-12-05,Twitter/X,Text,19,76873,0,15142,17103,874,53,126
85,2025-08-28,Instagram,Carousel,18,95398,8,44037,71855,3286,654,290
86,2025-09-28,LinkedIn,Carousel,17,52218,7,13086,20066,518,93,50
87,2025-06-05,Instagram,Image,19,8940,11,2058,3425,79,7,9
88,2025-01-20,YouTube,Video,10,35820,6,13611,17772,955,179,102
89,2025-10-20,YouTube,Video,18,63322,4,34307,41792,2201,249,145
90,2025-12-13,Twitter/X,Text,18,59938,9,14334,20413,863,89,126
91,2025-12-08,Twitter/X,Image,13,72862,15,8037,10154,461,63,39
92,2025-04-17,YouTube,Reel/Short,9,85203,6,50698,58362,3932,481,483
93,2025-08-05,Instagram,Carousel,20,93958,15,36393,42450,1716,278,207
94,2025-10-18,Instagram,Image,21,97623,13,44443,49478,,234,370
95,2025-10-24,YouTube,Video,10,119276,,33340,53383,1587,223,229
96,2025-06-17,Facebook,Reel/Short,11,10905,7,3461,4864,200,30,27
97,2025-01-04,LinkedIn,Video,19,72498,4,23283,35238,1432,145,46
98,2025-06-03,YouTube,Video,6,51012,2,19693,25630,1118,195,119
99,2025-03-15,Twitter/X,Carousel,12,58829,13,13635,18944,778,,84
100,2025-08-04,Instagram,Reel/Short,6,118425,13,93780,116349,2110,293,99
101,2025-07-08,LinkedIn,Carousel,10,65646,6,7468,9630,403,69,26
102,2025-10-15,Facebook,Image,18,77285,4,24687,32648,850,62,112
103,2025-08-06,Facebook,Carousel,18,117770,1,37339,56499,1765,124,105
104,2025-11-12,YouTube,Text,11,5913,1,732,1199,45,6,4
105,2025-06-18,YouTube,Carousel,20,73843,0,28116,50579,1637,,62
106,2025-05-30,LinkedIn,Text,19,38307,8,5764,9810,324,18,18
107,2025-07-16,Facebook,Carousel,21,75167,5,25938,44903,1553,118,165
108,2025-10-25,Facebook,Reel/Short,8,49994,2,27587,43964,2156,343,154
109,2025-12-06,Twitter/X,Video,22,80686,11,20580,34052,675,70,66
110,2025-08-08,Instagram,Video,11,71777,6,28081,42167,1137,78,124
111,2025-08-21,Twitter/X,Carousel,9,31057,3,4598,5503,352,43,41
112,2025-07-11,Twitter/X,Video,18,86889,10,34552,48357,1841,179,235
113,2025-12-06,Instagram,Reel/Short,10,72658,,30295,44591,1135,74,98
114,2025-01-30,Facebook,Reel/Short,18,25048,14,22284,26621,837,66,27
115,2025-07-05,YouTube,Reel/Short,11,10319,2,9019,13760,328,57,32
116,2025-08-05,Twitter/X,Video,21,25916,5,8596,10979,216,19,11
117,2025-09-07,Instagram,Carousel,16,40938,7,18791,31236,972,87,140
118,2025-07-11,Twitter/X,Image,13,98638,11,14758,23156,1109,195,47
119,2025-09-01,Instagram,Text,18,113993,12,26572,45953,856,95,59
120,2025-09-25,Facebook,Reel/Short,9,87509,2,35310,46141,780,124,41
121,2025-10-23,Instagram,Reel/Short,20,119044,8,83256,143764,5180,1005,504
122,2025-03-19,Facebook,Image,9,76486,9,16499,29171,812,103,40
123,2025-08-21,Facebook,Image,20,51091,6,17356,30303,1194,150,174
124,2025-05-27,Facebook,Carousel,20,24935,6,2956,4765,154,13,9
125,2025-10-07,Twitter/X,Reel/Short,5,13960,8,6296,9977,,54,45
126,2025-07-29,Instagram,Image,12,31643,1,8438,9731,346,49,33
127,2025-04-05,Instagram,Video,20,80643,9,29078,36897,1579,263,88
128,2025-10-06,Twitter/X,Carousel,23,37488,14,2830,4137,128,13,8
129,2025-03-19,Instagram,Carousel,9,94357,12,33294,36842,715,136,22
130,2025-03-27,Instagram,Image,19,32020,5,8829,11386,476,26,26
131,2025-04-03,YouTube,Carousel,8,100545,15,79528,112520,1730,120,54
132,2025-10-11,Twitter/X,Image,14,87912,5,20100,23690,1305,133,170
133,2025-01-08,Facebook,Text,22,100727,11,10864,15936,828,50,107
134,2025-05-28,Instagram,Text,10,63817,8,9842,13491,633,105,61
135,2025-05-26,Instagram,Video,17,36477,5,15164,16865,650,79,92
136,2025-08-20,Instagram,Carousel,8,24022,13,10630,16950,726,141,35
137,2025-02-26,Twitter/X,Carousel,20,31484,12,8724,10632,621,101,52
138,2025-03-22,Twitter/X,Video,20,12025,1,2312,2921,154,27,14
139,2025-03-06,YouTube,Carousel,13,25420,11,8022,10399,445,46,18
140,2025-03-02,Instagram,Image,17,17143,2,3065,4023,155,30,13
141,2025-01-25,Instagram,Reel/Short,14,42031,,21765,31841,1253,195,48
142,2025-07-30,Instagram,Reel/Short,9,8893,8,4461,5893,94,10,12
143,2025-05-01,Twitter/X,Carousel,10,76423,1,12703,15635,417,28,22
144,2025-12-03,YouTube,Carousel,2,54478,6,23140,30625,930,76,38
145,2025-07-09,Facebook,Video,16,70019,5,36444,53484,1224,240,84
146,2025-05-14,Twitter/X,Image,7,76517,,9332,13432,448,40,34
147,2025-03-04,Facebook,Image,20,65920,0,17940,22679,575,43,54
148,2025-08-04,Instagram,Reel/Short,16,51519,15,26829,29653,1238,150,163
149,2025-09-10,LinkedIn,Reel/Short,17,53177,4,14507,22521,976,105,38
150,2025-10-19,YouTube,Text,21,57609,5,12170,18164,511,61,21
151,2025-10-05,LinkedIn,Carousel,13,51487,8,10381,14494,332,19,26
152,2025-02-12,Instagram,Video,11,11877,2,2905,5124,140,14,19
153,2025-03-17,Twitter/X,Reel/Short,19,73642,8,39583,53939,867,123,87
154,2025-09-06,Instagram,Video,17,76389,11,22681,32226,1578,237,122
155,2025-08-21,Instagram,Carousel,12,78238,4,27248,35855,635,111,92
156,2025-10-04,Facebook,Image,10,61552,11,14728,19674,302,24,13
157,2025-08-29,Instagram,Carousel,18,104744,5,34784,49075,2514,409,271
158,2025-04-30,YouTube,Video,11,80817,7,14120,24427,865,96,73
159,2025-04-06,Twitter/X,Reel/Short,22,104840,9,23307,31964,498,77,34
160,2025-06-23,LinkedIn,Image,23,102468,14,5767,9470,383,58,25
161,2025-10-20,LinkedIn,Image,20,70987,6,16744,27687,1062,172,106
162,2025-06-10,YouTube,Reel/Short,15,110780,0,100489,147460,3747,645,171
163,2025-12-16,Facebook,Video,8,51631,2,10555,17951,659,41,19
164,2025-06-28,Twitter/X,Video,13,15969,10,3941,4555,185,16,8
165,2025-08-10,Facebook,Reel/Short,19,46031,5,16231,22577,1165,141,167
166,2025-08-29,Facebook,Image,21,63180,8,19906,30079,509,,40
167,2025-03-11,Instagram,Reel/Short,13,6925,15,4203,5860,147,24,14
168,2025-09-02,Twitter/X,Reel/Short,12,33570,6,9839,11555,784,62,90
169,2025-08-25,Instagram,Carousel,15,88223,10,37033,46521,779,81,59
170,2025-10-02,YouTube,Video,9,105166,9,42984,51697,925,60,62
171,2025-05-18,Facebook,Carousel,15,24865,2,3650,6287,231,35,12
172,2025-12-23,Instagram,Carousel,15,102906,,28488,37464,700,72,93
173,2025-10-07,Twitter/X,Image,18,107330,7,29558,40620,706,70,59
174,2025-05-26,Facebook,Image,12,62508,1,10158,15772,509,82,57
175,2025-02-13,Instagram,Image,13,111198,13,46530,63692,2781,436,298
176,2025-02-17,Instagram,Image,18,101870,7,34997,58235,1021,124,97
177,2025-02-20,Twitter/X,Reel/Short,4,63023,6,19487,32420,533,105,29
178,2025-10-15,YouTube,Reel/Short,18,104728,1,73091,111621,3586,402,232
179,2025-08-28,Instagram,Video,18,14491,5,4779,6393,375,57,54
180,2025-11-20,Twitter/X,Image,17,104750,2,29063,35777,1582,142,149
181,2025-05-15,Instagram,Video,20,77137,11,50969,65572,3922,250,402
182,2025-07-28,Instagram,Reel/Short,8,60050,0,20140,28662,643,48,75
183,2025-03-09,YouTube,Carousel,14,105203,0,18335,29237,1135,57,149
184,2025-01-02,Instagram,Reel/Short,21,44529,0,10980,18574,377,45,22
185,2025-04-11,Instagram,Video,19,9316,14,4316,6935,274,48,37
186,2025-06-14,Facebook,Video,11,98509,12,18125,21718,1021,136,65
187,2025-05-31,Twitter/X,Video,9,38865,1,9020,14155,293,39,30
188,2025-04-14,Instagram,Reel/Short,21,111297,5,108113,188367,6299,1227,763
189,2025-03-29,Facebook,Carousel,19,115685,13,49535,85892,2802,354,264
190,2025-11-05,Twitter/X,Carousel,18,76539,13,19235,28592,882,104,116
191,2025-08-22,Facebook,Video,19,115326,5,57676,77901,3797,232,438
192,2025-03-26,Facebook,Carousel,0,47907,2,8204,10991,411,,26
193,2025-11-22,Instagram,Video,18,10053,15,3143,4483,123,8,10
194,2025-04-30,LinkedIn,Carousel,12,74576,12,14008,21369,445,82,52
195,2025-12-12,Facebook,Image,7,108593,13,27648,39727,1339,113,119
196,2025-07-14,Instagram,Image,12,17436,3,4266,7549,99,15,3
197,2025-06-07,Facebook,Text,20,16876,10,3945,6527,264,43,32
198,2025-07-09,Instagram,Video,5,78997,3,32090,39388,1963,125,190
199,2025-11-14,Instagram,Reel/Short,12,75523,4,33526,55361,1235,81,88
200,2025-09-01,Instagram,Reel/Short,11,20874,12,19439,26363,1416,245,158
201,2025-01-05,Twitter/X,Reel/Short,23,119854,6,38345,67006,1968,112,210
202,2025-01-07,Instagram,Text,14,17143,8,3587,6382,197,16,20
203,2025-03-07,Instagram,Video,19,102929,,48643,86987,2635,518,270
204,2025-01-18,Instagram,Reel/Short,11,65107,6,48379,63796,3359,483,289
205,2025-04-09,Facebook,Image,10,14944,3,2072,3074,141,19,11
206,2025-12-01,YouTube,Reel/Short,23,95182,12,44434,74694,2190,398,230
207,2025-07-13,Twitter/X,Image,12,66664,3,11352,16316,286,,10
208,2025-09-05,YouTube,Carousel,7,108847,13,77420,136414,5888,398,544
209,2025-05-05,Twitter/X,Reel/Short,9,74580,13,19072,28779,1132,110,159
210,2025-01-12,Twitter/X,Reel/Short,6,74243,2,18710,28052,628,58,46
211,2025-06-04,Instagram,Image,7,103600,1,10352,14980,276,23,37
212,2025-06-06,YouTube,Carousel,16,54856,4,14801,21061,484,42,65
213,2025-06-05,Twitter/X,Image,21,13644,8,4175,5907,107,8,11
214,2025-06-23,Instagram,Image,7,95763,0,16899,20948,1271,65,85
215,2025-12-31,Twitter/X,Reel/Short,19,9734,6,4149,6536,265,13,11
216,2025-01-22,Instagram,Carousel,17,44252,0,21925,38468,565,73,50
217,2025-09-28,LinkedIn,Video,9,39655,6,5691,10084,173,9,12
218,2025-01-27,Instagram,Reel/Short,9,26538,8,21877,34237,915,74,51
219,2025-02-22,YouTube,Carousel,7,29758,10,17476,28303,907,71,58
220,2025-02-01,YouTube,Image,8,32419,4,13013,17282,727,133,42
221,2025-05-28,Facebook,Text,20,116493,8,19778,33994,1461,227,104
222,2025-04-06,LinkedIn,Reel/Short,6,13785,10,3640,4691,227,17,21
223,2025-04-25,Facebook,Video,21,63790,15,35948,50773,1151,170,47
224,2025-01-03,LinkedIn,Video,22,55757,13,12982,18185,372,53,12
225,2025-08-28,Instagram,Image,14,22733,13,4038,5274,190,35,17
226,2025-11-15,YouTube,Video,10,88523,8,23863,32617,1111,154,35
227,2025-05-13,Instagram,Video,9,105450,2,24259,31541,1079,175,86
228,2025-08-31,Instagram,Text,19,38770,3,13692,16771,387,52,19
229,2025-07-26,Twitter/X,Video,11,33110,7,3779,4762,298,43,33
230,2025-12-03,YouTube,Reel/Short,11,117707,9,67796,102286,4251,826,360
231,2025-12-03,Instagram,Text,13,104120,6,14448,22635,925,67,122
232,2025-11-08,Instagram,Text,16,10810,10,1396,1880,36,6,4
233,2025-10-15,YouTube,Reel/Short,14,110537,3,79964,134850,3049,311,104
234,2025-04-08,LinkedIn,Image,16,62423,2,11744,16476,361,38,33
235,2025-11-26,Twitter/X,Video,9,116277,4,33851,55211,2319,401,128
236,2025-07-10,Twitter/X,Carousel,12,33230,9,9342,13576,378,64,35
237,2025-12-09,Facebook,Text,14,97420,6,12731,14463,394,76,36
238,2025-09-23,YouTube,Image,22,34972,9,10108,12665,373,71,28
239,2025-03-28,Twitter/X,Carousel,8,31496,8,8577,11365,476,51,54
240,2025-06-23,YouTube,Image,11,105555,10,40370,71906,3130,433,333
241,2025-08-22,Facebook,Reel/Short,8,81293,11,34614,42405,796,107,99
242,2025-11-10,YouTube,Video,11,118377,4,86153,108008,3363,273,343
243,2025-11-05,Twitter/X,Reel/Short,1,117161,3,43055,72720,1697,310,206
244,2025-04-05,Instagram,Carousel,13,113320,4,30985,50428,2351,183,136
245,2025-02-19,Instagram,Reel/Short,7,34698,12,13035,20950,302,30,16
246,2025-11-17,Twitter/X,Reel/Short,10,38544,0,12265,15849,660,79,28
247,2025-04-16,Instagram,Image,17,108554,2,29854,45738,1987,326,239
248,2025-07-23,Instagram,Carousel,9,83816,9,15988,23051,1232,68,144
249,2025-08-23,LinkedIn,Text,9,28717,6,2659,4377,160,20,17
250,2025-03-22,LinkedIn,Reel/Short,10,32794,3,20534,27613,457,29,18
251,2025-01-15,Instagram,Carousel,19,26709,0,7721,13808,523,52,64
252,2025-04-12,LinkedIn,Image,9,34312,8,5077,8507,244,30,28
253,2025-03-02,YouTube,Image,7,104884,0,16050,24909,1031,183,122
254,2025-08-24,Twitter/X,Reel/Short,9,20903,8,9797,14300,386,38,41
255,2025-11-17,Instagram,Carousel,10,17905,12,5201,6808,274,29,21
256,2025-07-03,LinkedIn,Carousel,13,55094,7,6036,10223,466,57,63
257,2025-04-25,YouTube,Carousel,20,90755,10,57975,102726,4358,688,192
258,2025-10-08,Facebook,Carousel,19,82113,0,22635,32205,1549,254,184
259,2025-06-27,Instagram,Carousel,19,15158,10,12623,22061,620,33,30
260,2025-12-22,Twitter/X,Reel/Short,21,111373,13,58621,96031,4348,690,650
261,2025-12-30,Instagram,Image,20,63356,3,32035,55862,2294,367,159
262,2025-01-20,Twitter/X,Carousel,9,87976,10,18757,23184,1211,229,56
263,2025-06-20,Facebook,Video,9,76836,15,11769,13178,691,78,36
264,2025-11-18,Twitter/X,Image,13,47114,11,4386,5529,112,16,14
265,2025-04-21,Facebook,Video,17,105835,3,43707,53429,1393,106,108
266,2025-07-24,Twitter/X,Image,10,90181,8,21011,33941,1265,232,74
267,2025-02-19,Instagram,Reel/Short,15,77663,4,20609,32697,1311,143,48
268,2025-10-20,Facebook,Video,21,95855,0,30863,52330,2440,175,304
269,2025-03-14,Twitter/X,Carousel,18,22190,4,8290,10039,389,35,30
270,2025-11-19,Instagram,Video,8,38264,1,6769,10238,377,32,44
271,2025-11-24,Twitter/X,Reel/Short,18,11267,2,2877,3391,163,13,7
272,2025-09-05,LinkedIn,Carousel,20,71120,7,14446,22208,1032,203,73
273,2025-01-26,LinkedIn,Image,13,67884,12,10791,13305,489,91,64
274,2025-08-01,LinkedIn,Text,7,35433,9,6264,7169,334,55,49
275,2025-02-05,Facebook,Image,6,19685,4,4000,5017,111,7,8
276,2025-04-18,LinkedIn,Reel/Short,3,76077,12,25255,39765,1993,377,263
277,2025-09-09,Twitter/X,Reel/Short,7,11025,12,4682,6122,185,14,6
278,2025-06-02,LinkedIn,Video,9,15964,5,1897,2630,139,27,12
279,2025-06-08,Instagram,Video,16,25599,4,8204,13302,655,129,94
280,2025-06-03,Instagram,Reel/Short,9,86434,3,53610,86884,2944,277,417
281,2025-05-18,Twitter/X,Carousel,21,38749,8,7641,10770,588,96,40
282,2025-12-16,LinkedIn,Text,14,15167,4,1104,1687,48,9,2
283,2025-12-13,Instagram,Carousel,19,119715,6,49874,83921,2417,147,211
284,2025-01-09,LinkedIn,Reel/Short,21,14096,6,8597,15151,255,29,11
285,2025-06-18,YouTube,Video,15,56125,14,33246,44992,2440,239,270
286,2025-07-30,Instagram,Image,0,66113,13,22479,33525,631,44,64
287,2025-04-14,LinkedIn,Image,17,58489,10,13791,15384,886,135,65
288,2025-02-25,Instagram,Reel/Short,18,74959,4,74129,90731,,367,173
289,2025-04-28,Instagram,Text,20,115585,10,21968,29311,1439,264,182
290,2025-09-21,Instagram,Text,19,83244,9,31405,52470,2155,413,286
291,2025-01-07,Instagram,Image,7,31048,6,8017,8939,558,103,18
292,2025-02-19,LinkedIn,Image,5,24928,1,2958,4364,200,32,21
293,2025-08-04,LinkedIn,Reel/Short,19,45086,13,24305,37402,618,115,71
294,2025-07-28,YouTube,Reel/Short,19,36713,15,40658,62517,893,169,48
295,2025-07-18,Instagram,Reel/Short,15,31664,10,15216,20298,1039,203,104
296,2025-09-09,Twitter/X,Image,10,83653,6,28366,45176,992,100,61
297,2025-05-22,Facebook,Reel/Short,17,31529,5,14719,17703,463,92,58
298,2025-11-08,LinkedIn,Carousel,17,70377,12,13501,15354,492,42,57
299,2025-09-29,Twitter/X,Video,23,105033,5,13295,22918,1058,204,72
300,2025-11-06,LinkedIn,Video,2,24222,6,4409,5028,98,11,13
301,2025-06-20,LinkedIn,Text,13,112650,15,10476,13810,401,,37
302,2025-01-24,YouTube,Reel/Short,8,48826,6,29925,39196,1951,353,234
303,2025-02-26,Instagram,Carousel,20,19845,10,5858,8034,390,67,28
304,2025-03-13,Facebook,Text,9,59265,2,8502,9592,553,95,43
305,2025-09-16,LinkedIn,Reel/Short,20,84491,6,26342,42635,1409,253,155
306,2025-01-05,Facebook,Text,11,78573,0,6208,7122,312,54,25
307,2025-06-19,YouTube,Reel/Short,18,41575,6,56857,101664,4471,328,200
308,2025-07-22,Facebook,Reel/Short,9,113403,15,80422,141192,2084,379,62
309,2025-04-16,Instagram,Carousel,19,74834,6,46335,66096,3633,542,154
310,2025-10-07,LinkedIn,Reel/Short,6,35648,10,18736,30106,881,49,82
311,2025-05-01,Twitter/X,Video,17,58826,7,26039,31094,1444,128,137
312,2025-09-01,YouTube,Video,17,106573,4,31799,41846,2143,285,78
313,2025-12-17,Facebook,Reel/Short,16,41512,12,9969,13880,241,40,12
314,2025-01-09,Facebook,Reel/Short,9,62584,10,34695,42607,771,113,104
315,2025-07-29,Instagram,Reel/Short,19,111893,3,64157,96950,2077,353,250
316,2025-02-15,Facebook,Text,9,34682,4,5115,8026,347,23,30
317,2025-02-17,Facebook,Image,20,88151,3,11536,14099,389,33,15
318,2025-04-20,Twitter/X,Reel/Short,20,116803,13,56748,94060,4530,329,502
319,2025-07-19,LinkedIn,Video,15,31009,0,3357,4371,164,19,18
320,2025-02-03,Facebook,Carousel,8,119385,4,37708,61230,774,84,104
321,2025-02-27,Twitter/X,Video,17,41921,1,5560,6976,359,60,49
322,2025-05-09,Twitter/X,Image,14,8602,9,2381,3053,77,12,10
323,2025-08-28,Facebook,Carousel,10,80819,1,15920,19445,703,52,32
324,2025-03-18,LinkedIn,Video,17,75591,1,8718,11531,212,41,21
325,2025-05-13,Twitter/X,Video,19,39461,11,15516,25257,782,117,93
326,2025-01-04,Twitter/X,Reel/Short,8,105468,1,16421,24314,574,97,33
327,2025-05-29,Twitter/X,Reel/Short,20,46735,9,36267,44698,1801,143,158
328,2025-05-18,Instagram,Carousel,15,45238,12,15076,21693,481,67,51
329,2025-07-23,Instagram,Reel/Short,6,44007,1,24215,29861,1189,99,41
330,2025-04-05,Twitter/X,Text,22,47793,0,5865,9444,456,64,46
331,2025-02-01,Twitter/X,Image,22,37978,0,6731,10905,494,68,69
332,2025-05-09,Facebook,Carousel,13,44865,11,16035,26307,1207,104,153
333,2025-07-20,Instagram,Carousel,18,104922,6,59351,103484,,269,262
334,2025-03-02,Twitter/X,Image,21,74422,15,20103,31318,706,118,65
335,2025-08-22,Twitter/X,Reel/Short,17,16514,15,8623,14362,194,30,8
336,2025-03-12,Instagram,Carousel,9,73852,15,31600,48208,1345,81,115
337,2025-05-19,Facebook,Video,11,27245,13,6241,10123,461,84,22
338,2025-06-04,YouTube,Image,13,97027,10,40158,58473,1687,247,51
339,2025-09-24,YouTube,Reel/Short,9,104772,13,74184,87526,4811,688,666
340,2025-12-17,Instagram,Reel/Short,16,41170,6,20276,28677,1359,162,141
341,2025-06-08,YouTube,Text,16,26013,13,4062,5424,311,23,20
342,2025-11-19,Instagram,Image,19,41771,8,15502,24487,744,60,107
343,2025-11-02,Instagram,Image,20,90689,11,36789,60659,2347,228,214
344,2025-10-23,YouTube,Reel/Short,17,75741,2,27314,30154,2006,,255
345,2025-03-18,Instagram,Text,5,17436,10,1669,2446,60,5,4
346,2025-07-01,LinkedIn,Reel/Short,21,5608,8,2953,4281,76,10,10
347,2025-02-07,LinkedIn,Reel/Short,16,90194,3,26252,45767,870,137,83
348,2025-12-02,Twitter/X,Image,16,106060,5,25623,39907,1944,222,239
349,2025-05-08,YouTube,Image,17,52426,15,24445,33983,1849,250,78
350,2025-02-06,Twitter/X,Reel/Short,12,51326,10,28551,41675,581,64,66
351,2025-05-09,YouTube,Carousel,21,88659,13,54782,61330,3210,218,124
352,2025-05-31,YouTube,Image,12,18630,10,8635,13902,282,30,40
353,2025-05-04,Twitter/X,Reel/Short,14,94597,6,37388,51022,1735,168,116
354,2025-11-21,YouTube,Reel/Short,18,17066,4,27066,39440,1538,237,190
355,2025-05-28,Instagram,Text,17,9638,1,908,1313,63,3,4
356,2025-04-07,Instagram,Image,19,61088,5,24795,38617,1172,180,116
357,2025-05-18,Twitter/X,Reel/Short,17,102188,8,39296,43765,2956,458,395
358,2025-03-05,Facebook,Video,19,62688,10,13323,19225,285,39,21
359,2025-04-08,YouTube,Reel/Short,19,61969,6,43951,58348,1879,348,158
360,2025-01-06,YouTube,Video,23,16398,3,10210,13846,806,156,109
361,2025-12-02,YouTube,Reel/Short,4,69465,12,58790,92537,1380,208,156
362,2025-07-07,LinkedIn,Video,7,113806,3,13780,24394,618,115,65
363,2025-03-16,Instagram,Text,9,113064,0,16804,26858,747,109,72
364,2025-06-08,LinkedIn,Video,6,109323,0,19317,29142,1538,149,168
365,2025-08-13,Instagram,Carousel,8,85705,13,36090,56526,775,,86
366,2025-11-25,YouTube,Reel/Short,11,32063,5,33322,59523,2260,230,111
367,2025-02-19,Facebook,Text,19,69801,9,11061,17146,427,36,35
368,2025-07-22,Facebook,Image,7,19110,8,2782,4307,215,32,30
369,2025-06-19,Twitter/X,Video,17,59082,,9970,13551,202,36,26
370,2025-08-09,Instagram,Text,20,118302,6,24588,34478,1716,289,141
371,2025-07-24,LinkedIn,Reel/Short,20,39315,15,13868,24634,813,83,109
372,2025-04-22,Facebook,Video,16,62526,3,10735,15047,261,,34
373,2025-08-13,YouTube,Text,21,57083,5,10448,11827,726,53,63
374,2025-07-12,Twitter/X,Carousel,11,82831,2,18914,29502,1231,122,106
375,2025-10-29,Twitter/X,Text,11,55822,6,8277,11492,464,44,14
376,2025-02-07,Instagram,Image,8,52974,14,18401,21715,373,56,48
377,2025-03-08,LinkedIn,Video,20,5239,6,874,1426,18,3,0
378,2025-12-25,Facebook,Video,12,71137,2,13518,18924,1004,134,35
379,2025-01-14,LinkedIn,Video,19,34949,9,13561,18500,1029,95,105
380,2025-01-09,Facebook,Reel/Short,14,109073,14,32394,49071,2326,225,103
381,2025-03-07,Twitter/X,Video,22,50226,14,7755,9749,415,27,53
382,2025-10-13,LinkedIn,Carousel,15,42173,15,7554,10692,497,61,31
383,2025-05-06,Twitter/X,Reel/Short,10,38470,9,15291,27473,716,135,90
384,2025-10-09,Facebook,Carousel,6,65713,8,18512,21532,854,160,64
385,2025-08-31,Twitter/X,Carousel,19,112425,12,22273,27824,1259,74,46
386,2025-02-11,Instagram,Image,20,47021,0,14862,26633,1011,139,90
387,2025-11-24,Instagram,Carousel,13,6102,7,5770,8254,172,33,13
388,2025-04-29,Facebook,Video,11,15129,5,3246,5748,83,13,10
389,2025-01-04,LinkedIn,Image,14,44384,0,5922,10155,184,33,13
390,2025-10-23,LinkedIn,Reel/Short,15,115583,0,29374,36281,2104,196,76
391,2025-07-26,YouTube,Text,19,71009,5,26099,30608,1560,199,123
392,2025-04-04,LinkedIn,Reel/Short,10,19290,10,11871,20199,814,137,78
393,2025-06-27,Twitter/X,Reel/Short,10,86733,9,23767,36461,1359,219,63
394,2025-10-09,Twitter/X,Image,6,13359,5,2721,4098,148,11,13
395,2025-05-17,Twitter/X,Image,19,87617,7,13508,20709,388,62,27
396,2025-08-29,Instagram,Reel/Short,11,38271,9,17608,19729,1198,184,66
397,2025-03-27,LinkedIn,Video,16,75175,5,8998,13070,228,19,6
398,2025-01-11,YouTube,Text,8,59648,13,16785,27633,375,72,54
399,2025-12-20,Facebook,Carousel,8,95515,5,33477,52951,1472,288,169
400,2025-03-14,Instagram,Text,9,110907,15,21529,32811,682,62,33
401,2025-11-11,Twitter/X,Reel/Short,21,36872,8,15739,18618,1125,157,68
402,2025-01-19,Twitter/X,Text,21,116937,15,12769,15646,828,84,95
403,2025-04-09,YouTube,Carousel,0,14910,3,5514,9843,374,41,55
404,2025-02-06,YouTube,Image,17,43774,8,21580,24140,919,182,134
405,2025-08-10,YouTube,Reel/Short,11,80993,8,45552,54954,2569,355,367
406,2025-03-01,Instagram,Reel/Short,20,44597,9,34177,55074,2122,389,217
407,2025-04-10,LinkedIn,Image,18,12386,,4225,6847,312,46,24
408,2025-05-20,Instagram,Image,2,27010,15,8764,15147,352,34,51
409,2025-01-13,Facebook,Text,19,6464,14,579,873,24,1,1
410,2025-05-18,Instagram,Carousel,19,63878,5,24698,35400,1918,97,245
411,2025-10-10,Twitter/X,Reel/Short,12,89796,4,37799,49903,2683,531,346
412,2025-09-02,LinkedIn,Reel/Short,7,44057,12,14564,19390,900,53,132
413,2025-02-08,Instagram,Reel/Short,22,10566,6,6213,7068,247,23,14
414,2025-04-22,YouTube,Image,12,54537,10,10091,13082,618,53,64
415,2025-02-03,Instagram,Reel/Short,1,94053,7,47176,66986,945,66,38
416,2025-06-16,Facebook,Video,19,34960,0,8030,10684,365,27,53
417,2025-07-27,Instagram,Reel/Short,9,67644,15,35690,54389,2612,299,331
418,2025-10-30,LinkedIn,Image,21,35132,6,7713,13708,588,115,57
419,2025-08-16,LinkedIn,Video,11,66919,1,7984,12812,,,12
420,2025-03-23,Instagram,Image,22,103991,12,44101,62653,2130,412,146
421,2025-09-18,Facebook,Reel/Short,6,59164,2,10975,14708,752,120,26
422,2025-09-17,Facebook,Image,16,46702,13,11865,13597,588,67,82
423,2025-04-12,Instagram,Carousel,19,107374,0,25465,41393,1407,111,172
424,2025-09-13,Twitter/X,Image,16,58030,1,4321,7206,201,36,28
425,2025-03-06,Twitter/X,Reel/Short,20,106899,4,74272,132897,2940,555,439
426,2025-01-05,YouTube,Image,20,30426,9,15566,22045,659,71,43
427,2025-07-14,Facebook,Image,19,117415,10,46635,68407,1304,189,147
428,2025-10-24,LinkedIn,Video,20,69009,13,19096,31969,1049,153,117
429,2025-04-12,Instagram,Video,18,27458,9,20831,26035,907,107,41
430,2025-07-20,YouTube,Reel/Short,9,6636,0,3624,4300,203,17,16
431,2025-10-06,LinkedIn,Image,17,79259,1,13765,18978,827,45,87
432,2025-11-25,Instagram,Text,19,37085,6,9668,13342,622,67,44
433,2025-10-03,YouTube,Reel/Short,17,74712,13,27902,47706,958,119,62
434,2025-04-16,Facebook,Image,18,85098,8,51913,77462,1391,81,191
435,2025-05-24,Instagram,Image,7,106069,14,30056,53262,1315,193,111
436,2025-02-07,Twitter/X,Video,17,73081,7,6538,7472,136,15,7
437,2025-11-09,Facebook,Carousel,11,12851,15,2786,4433,109,11,13
438,2025-09-15,YouTube,Carousel,16,27981,3,24661,32414,1695,112,173
439,2025-07-22,YouTube,Carousel,17,65510,0,23986,34424,520,79,53
440,2025-02-12,Instagram,Reel/Short,18,91354,14,134195,231195,8452,645,924
441,2025-04-30,Facebook,Carousel,10,81861,5,18802,27146,1257,170,115
442,2025-09-28,Instagram,Carousel,10,11446,12,5067,7937,347,50,17
443,2025-01-22,Twitter/X,Video,17,106894,2,19195,22111,715,85,60
444,2025-01-04,Facebook,Image,16,69186,4,14722,22245,597,57,81
445,2025-03-17,YouTube,Carousel,15,65124,4,25698,46250,1921,376,116
446,2025-11-29,LinkedIn,Video,7,28545,6,3124,4460,165,,18
447,2025-03-20,Instagram,Reel/Short,21,6000,5,4795,5315,166,22,22
448,2025-08-30,Facebook,Carousel,10,32640,13,7959,10970,487,54,41
449,2025-03-10,LinkedIn,Carousel,8,53026,8,10527,12288,776,50,37
450,2025-07-15,Facebook,Image,14,61621,1,12069,13960,362,45,39
451,2025-04-30,LinkedIn,Reel/Short,7,74758,11,22658,28581,727,98,39
452,2025-03-18,Facebook,Video,14,97485,14,36593,50843,1169,148,58
453,2025-10-14,LinkedIn,Image,17,62451,0,8102,12352,487,60,60
454,2025-02-03,Instagram,Video,19,59581,15,29371,32470,1952,240,73
455,2025-05-31,Facebook,Text,12,85318,8,13700,19835,324,45,30
456,2025-09-05,Twitter/X,Video,18,16913,2,3313,4753,172,12,17
457,2025-10-24,YouTube,Image,6,47757,4,7337,8083,326,62,44
458,2025-08-14,Instagram,Image,11,40786,4,10535,17520,680,82,74
459,2025-03-26,Facebook,Reel/Short,10,6696,4,1959,2977,113,14,6
460,2025-11-02,Facebook,Carousel,16,99777,13,25411,28478,2006,225,211
461,2025-09-24,Twitter/X,Text,9,79360,5,8461,14461,653,116,20
462,2025-05-21,YouTube,Video,19,78898,10,56078,61910,1367,247,61
463,2025-12-06,Twitter/X,Image,17,95803,7,22234,34255,895,148,107
464,2025-05-18,Twitter/X,Video,23,11196,14,3814,5790,157,14,18
465,2025-02-15,YouTube,Text,19,117887,14,18041,23387,903,71,42
466,2025-10-06,Instagram,Reel/Short,8,83732,12,36153,42833,2510,269,277
467,2025-10-09,LinkedIn,Video,16,70131,2,7933,14136,335,42,36
468,2025-06-12,LinkedIn,Carousel,21,102936,13,27856,36553,2149,125,313
469,2025-10-04,Twitter/X,Video,7,25541,11,3037,4958,66,9,4
470,2025-11-10,Instagram,Carousel,22,84441,10,39608,54734,1494,164,219
471,2025-10-23,Facebook,Video,22,78621,4,14459,21070,399,60,47
472,2025-12-29,YouTube,Text,12,65585,9,11749,18053,817,152,67
473,2025-06-08,Facebook,Carousel,20,111768,9,43065,75878,1058,143,66
474,2025-05-16,Instagram,Carousel,18,19188,15,4208,6177,166,10,9
475,2025-08-29,Facebook,Carousel,10,37040,12,17884,27168,977,53,30
476,2025-04-03,Twitter/X,Carousel,22,25346,13,8215,14068,504,32,17
477,2025-08-14,LinkedIn,Text,8,35105,1,2656,3155,163,23,14
478,2025-02-04,Instagram,Carousel,0,36546,14,11297,16615,811,100,89
479,2025-02-04,LinkedIn,Image,14,106694,11,21325,32906,713,54,27
480,2025-10-30,Instagram,Reel/Short,22,73069,3,42487,47576,3325,370,377
481,2025-12-17,YouTube,Reel/Short,20,90216,9,48971,86502,3139,620,108
482,2025-03-08,Instagram,Carousel,7,74709,14,39210,48986,2289,408,79
483,2025-12-17,Facebook,Image,15,22871,1,4032,4444,161,16,11
484,2025-03-10,Instagram,Carousel,15,39371,14,13406,17782,378,22,11
485,2025-09-21,Facebook,Reel/Short,22,56619,7,38215,44955,2430,275,292
486,2025-06-19,Twitter/X,Image,20,34958,13,7326,10136,408,71,29
487,2025-08-10,Facebook,Carousel,0,51556,4,8790,15105,541,40,39
488,2025-04-22,Facebook,Video,11,59041,1,17946,26117,1337,263,180
489,2025-10-20,LinkedIn,Carousel,7,38925,3,5261,8844,286,18,11
490,2025-03-28,Instagram,Video,10,114621,9,51915,87761,3752,591,510
491,2025-06-03,YouTube,Reel/Short,10,55466,14,30895,54494,2205,336,290
492,2025-06-12,Facebook,Video,20,10897,4,5393,6251,368,25,29
493,2025-05-20,Facebook,Text,18,107267,15,20279,26045,1179,152,130
494,2025-01-20,Instagram,Text,7,71470,12,8598,10715,684,74,37
495,2025-06-28,Twitter/X,Video,21,11191,15,2978,3605,224,39,14
496,2025-06-20,LinkedIn,Video,18,45158,5,12429,19462,390,52,51
497,2025-05-14,Twitter/X,Video,9,29840,11,8932,14858,698,35,79
498,2025-02-18,Facebook,Text,5,75634,14,14375,23473,701,127,23
499,2025-08-26,Twitter/X,Video,15,37693,2,9624,11278,355,66,51
500,2025-09-17,LinkedIn,Text,19,98866,14,6992,7836,251,20,24
501,2025-02-08,YouTube,Image,1,14499,6,3639,4029,218,19,21
502,2025-05-01,Facebook,Image,18,82249,10,27002,42615,1193,79,104
503,2025-12-17,Twitter/X,Image,9,12764,15,1183,1561,85,,6
504,2025-07-27,Twitter/X,Carousel,19,48870,8,15790,21949,678,51,74
505,2025-10-30,Twitter/X,Text,18,21409,3,2261,2770,50,7,2
506,2025-02-15,YouTube,Video,17,17523,12,7354,11004,362,70,34
507,2025-11-18,YouTube,Reel/Short,14,27678,11,15384,27215,,98,89
508,2025-12-17,Facebook,Video,19,99420,1,42055,58494,2389,145,115
509,2025-03-05,Instagram,Reel/Short,18,43798,12,32890,44885,1471,96,147
510,2025-06-11,Twitter/X,Carousel,16,30879,14,7228,7962,289,56,42
511,2025-02-16,LinkedIn,Carousel,7,52940,7,6266,8008,251,33,9
512,2025-01-03,Twitter/X,Image,18,99628,13,16291,22001,660,93,39
513,2025-02-20,YouTube,Video,16,101457,9,27418,34714,887,163,70
514,2025-08-22,Instagram,Image,15,17947,13,5294,8092,253,17,19
515,2025-11-04,LinkedIn,Video,10,32872,,7816,12882,478,61,24
516,2025-03-13,Facebook,Carousel,21,100544,11,22923,37703,1245,158,140
517,2025-09-21,Facebook,Image,20,84313,0,46464,73338,1577,266,99
518,2025-06-10,Instagram,Reel/Short,7,78883,5,23599,34448,796,97,110
519,2025-09-09,YouTube,Video,21,97543,12,43001,54706,3010,351,398
520,2025-12-04,Facebook,Carousel,13,77706,15,24505,29697,1886,356,238
521,2025-09-04,LinkedIn,Image,22,22260,11,3045,5241,84,11,3
522,2025-01-05,LinkedIn,Carousel,22,78916,2,18099,30839,781,92,73
523,2025-10-16,Instagram,Carousel,6,58986,9,20249,23909,1530,268,65
524,2025-04-13,Instagram,Reel/Short,8,61008,6,34684,40541,2607,417,138
525,2025-04-16,Instagram,Video,10,9805,5,4477,7494,235,26,11
526,2025-05-28,Facebook,Reel/Short,7,72288,0,34164,54604,2210,419,88
527,2025-09-26,Twitter/X,Carousel,9,6388,14,1849,2411,58,9,4
528,2025-04-17,YouTube,Reel/Short,20,59807,1,27089,32720,1989,295,159
529,2025-06-05,Twitter/X,Carousel,20,27212,9,10722,17909,234,26,34
530,2025-03-17,Twitter/X,Video,13,95851,4,27754,36920,2144,115,241
531,2025-09-21,LinkedIn,Carousel,8,98689,10,13133,16102,689,72,54
532,2025-11-18,LinkedIn,Carousel,15,58053,15,7155,8038,166,26,12
533,2025-09-02,Instagram,Image,18,103256,13,22378,39326,1638,114,172
534,2025-08-01,Facebook,Reel/Short,9,21714,,7976,10079,406,66,43
535,2025-07-20,Instagram,Reel/Short,12,68847,4,34872,43352,940,177,76
536,2025-01-11,Instagram,Carousel,16,72390,6,27187,43394,1756,207,177
537,2025-06-10,Instagram,Text,10,5629,15,919,1072,27,,1
538,2025-02-20,Instagram,Image,5,96648,3,24448,41257,823,124,30
539,2025-02-03,YouTube,Text,8,81791,10,12862,14388,448,33,27
540,2025-09-07,LinkedIn,Reel/Short,14,95625,13,29421,46580,1371,223,53
541,2025-07-07,Facebook,Image,20,74892,14,27373,48922,2186,292,245
542,2025-03-15,Facebook,Carousel,18,22786,3,9291,10338,351,47,29
543,2025-06-12,YouTube,Reel/Short,17,101890,15,47058,77896,3198,591,421
544,2025-06-21,Facebook,Carousel,18,25396,0,6147,6777,294,32,39
545,2025-07-15,YouTube,Carousel,1,73878,6,22942,36817,521,84,55
546,2025-04-29,LinkedIn,Video,20,52368,9,10903,18788,384,71,52
547,2025-04-30,YouTube,Text,17,43310,14,12237,19711,740,100,106
548,2025-06-07,LinkedIn,Text,21,68987,3,9371,11964,230,25,12
549,2025-09-16,YouTube,Image,16,105907,8,59980,100762,1393,185,157
550,2025-06-05,Twitter/X,Reel/Short,10,61987,1,15808,24465,805,150,84
551,2025-03-09,Facebook,Reel/Short,3,48850,9,23834,30749,1028,90,101
552,2025-11-27,Facebook,Carousel,18,118744,5,49184,69255,2277,190,129
553,2025-03-16,Facebook,Video,17,20054,7,9440,12108,712,116,37
554,2025-07-22,Facebook,Reel/Short,19,59544,6,23975,28574,1821,266,107
555,2025-02-06,Twitter/X,Carousel,7,64906,6,12556,19333,560,35,79
556,2025-07-25,Facebook,Video,20,33797,5,9862,16936,211,23,8
557,2025-02-15,LinkedIn,Reel/Short,20,110348,14,36291,57217,786,85,38
558,2025-10-22,LinkedIn,Image,11,113276,14,15806,28117,847,67,48
559,2025-11-07,Facebook,Reel/Short,6,80246,9,31811,44921,1216,137,57
560,2025-05-05,Facebook,Text,18,11696,10,2839,3262,112,6,16
561,2025-02-16,Twitter/X,Carousel,1,56351,5,7826,9275,484,87,42
562,2025-05-06,Facebook,Reel/Short,15,114524,15,31032,38843,845,116,112
563,2025-10-28,YouTube,Video,0,65856,1,31920,56489,1687,219,91
564,2025-06-12,YouTube,Video,19,61064,12,39555,63540,1199,73,50
565,2025-08-02,Facebook,Text,19,48361,15,7045,11081,210,38,28
566,2025-07-31,Twitter/X,Carousel,13,116802,10,30705,40442,1700,318,193
567,2025-12-22,YouTube,Reel/Short,9,25187,4,6203,10672,437,65,38
568,2025-03-09,Facebook,Video,22,30564,5,6704,7702,,68,67
569,2025-12-01,Twitter/X,Text,6,72744,4,6399,7235,134,12,14
570,2025-10-20,Instagram,Carousel,21,30221,4,11022,14018,691,124,78
571,2025-06-24,Twitter/X,Image,17,116511,11,26869,43221,2137,138,84
572,2025-07-05,Facebook,Carousel,12,105833,12,31638,41642,2459,454,97
573,2025-05-22,Instagram,Reel/Short,10,29059,0,21384,29675,632,66,69
574,2025-10-31,LinkedIn,Image,19,86804,6,13662,22903,845,137,124
575,2025-09-24,Instagram,Carousel,18,47002,10,10138,11634,349,19,50
576,2025-01-18,Twitter/X,Image,6,47652,11,9328,14006,449,26,26
577,2025-11-15,Facebook,Video,15,84986,14,53623,88106,2724,176,291
578,2025-11-29,Facebook,Image,14,109204,8,15344,22297,516,58,39
579,2025-08-01,Instagram,Image,21,30743,1,12807,22324,588,65,52
580,2025-06-15,Facebook,Video,15,48474,15,11768,19520,496,41,56
581,2025-09-05,YouTube,Carousel,3,116118,3,64991,79457,3909,314,465
582,2025-10-22,LinkedIn,Reel/Short,7,52816,8,18490,22870,1198,182,41
583,2025-09-15,Instagram,Text,18,31729,2,7737,11306,243,14,12
584,2025-12-06,Instagram,Image,13,9762,14,1514,2575,31,5,2
585,2025-09-26,Instagram,Video,5,58281,0,44042,77536,1237,139,46
586,2025-12-14,Facebook,Image,12,8371,3,1062,1766,76,12,10
587,2025-06-12,YouTube,Carousel,13,20277,8,4874,5782,140,25,20
588,2025-08-28,Twitter/X,Reel/Short,19,113511,0,80036,110420,6080,878,875
589,2025-12-02,Instagram,Text,19,80431,13,31473,46272,2164,285,163
590,2025-03-08,YouTube,Carousel,19,15853,12,10602,16035,318,26,46
591,2025-12-03,LinkedIn,Text,4,58680,4,4023,5105,222,38,22
592,2025-11-07,Instagram,Carousel,20,39000,8,8754,13986,475,42,47
593,2025-09-01,Facebook,Image,18,52873,3,9496,11806,685,100,56
594,2025-05-04,LinkedIn,Image,19,119822,10,12374,19380,965,191,68
595,2025-12-14,Instagram,Carousel,11,52141,2,8565,12434,307,40,19
596,2025-06-16,Instagram,Reel/Short,16,82875,15,31338,41799,1668,177,218
597,2025-09-16,Instagram,Reel/Short,9,51195,13,23999,40891,1734,98,78
598,2025-11-11,Twitter/X,Video,21,48175,12,9144,13946,453,61,58
599,2025-07-15,Instagram,Reel/Short,7,28088,3,12574,19353,890,65,122
600,2025-11-14,Instagram,Reel/Short,16,69899,4,51194,89580,2781,312,184
601,2025-11-12,Facebook,Text,1,62731,9,10686,13203,471,56,43
602,2025-07-24,Twitter/X,Carousel,13,84251,6,20455,23956,1304,153,147
603,2025-02-28,LinkedIn,Reel/Short,17,110538,5,39968,65271,2939,279,292
604,2025-04-15,Twitter/X,Reel/Short,20,18836,2,9028,15217,387,40,19
605,2025-02-07,Instagram,Video,18,56625,14,49634,87141,1964,259,214
606,2025-04-17,Twitter/X,Carousel,5,53501,13,11807,16745,657,62,51
607,2025-10-15,Facebook,Carousel,15,29165,6,7035,7852,151,11,7
608,2025-06-25,Instagram,Video,16,16307,15,4657,6125,355,52,40
609,2025-11-19,YouTube,Text,13,67281,13,12229,17997,721,104,62
610,2025-11-06,LinkedIn,Text,5,32971,7,3766,6171,262,19,20
611,2025-10-07,Facebook,Text,12,19637,13,3380,5844,162,15,7
612,2025-03-14,Instagram,Video,18,90431,5,24225,32201,580,62,47
613,2025-01-10,Instagram,Image,15,15621,10,6525,8897,463,40,57
614,2025-06-04,Facebook,Video,16,29144,9,3232,4611,231,42,9
615,2025-10-14,Instagram,Carousel,14,53102,6,16480,20849,1153,87,69
616,2025-12-06,Instagram,Reel/Short,21,5121,9,6956,9625,335,42,38
617,2025-10-16,LinkedIn,Reel/Short,9,30384,8,22403,36722,,109,145
618,2025-01-26,Instagram,Text,13,71295,10,12397,13775,843,48,118
619,2025-06-21,Twitter/X,Image,20,111487,5,29000,42661,1880,222,66
620,2025-09-04,YouTube,Text,13,101940,5,21864,26301,502,35,25
621,2025-12-31,Instagram,Carousel,2,25972,1,8799,10137,530,41,15
622,2025-04-05,Facebook,Image,12,110464,13,36299,42911,1445,103,189
623,2025-02-08,YouTube,Text,8,24434,1,6793,10389,293,21,18
624,2025-06-03,YouTube,Video,8,11719,3,4251,7341,122,13,5
625,2025-09-05,YouTube,Carousel,12,28436,12,23130,27539,819,78,104
626,2025-01-08,Facebook,Image,21,61650,7,19490,25602,656,38,52
627,2025-01-31,Facebook,Video,1,13563,10,4845,5598,364,50,30
628,2025-03-23,Twitter/X,Image,10,5837,11,1883,3056,128,11,15
629,2025-01-11,Instagram,Image,17,93013,13,26917,34685,2040,155,188
630,2025-01-12,LinkedIn,Image,19,76688,14,11767,14516,713,76,44
631,2025-06-26,Twitter/X,Video,20,52633,14,18315,25414,1317,254,61
632,2025-06-30,Facebook,Text,7,30008,9,2902,5170,221,14,7
633,2025-04-02,Facebook,Carousel,23,27950,6,5703,8924,149,13,13
634,2025-02-27,Instagram,Reel/Short,22,7284,14,5542,9653,164,21,19
635,2025-07-07,Instagram,Reel/Short,17,28099,3,18874,22850,,148,106
636,2025-06-21,Instagram,Video,7,22142,8,7646,12023,507,60,43
637,2025-10-10,YouTube,Image,14,99198,13,40478,50067,1245,228,55
638,2025-08-21,Twitter/X,Carousel,7,16392,4,2015,2716,142,9,12
639,2025-12-05,Facebook,Text,22,109357,8,25583,42290,1183,138,71
640,2025-03-30,Twitter/X,Image,17,11971,1,1725,1898,90,7,4
641,2025-10-28,Facebook,Video,20,7894,1,4786,6953,215,28,20
642,2025-05-24,Instagram,Carousel,22,75778,4,18185,23133,903,79,48
643,2025-03-07,Instagram,Image,19,71566,2,17577,21457,1027,195,92
644,2025-08-05,Facebook,Image,21,43466,9,14614,20691,1015,107,127
645,2025-12-09,Instagram,Reel/Short,17,92314,9,60300,78065,2348,160,236
646,2025-04-16,Instagram,Reel/Short,8,101108,,54457,72827,,460,192
647,2025-12-06,Instagram,Image,3,90976,11,22919,36679,1513,89,222
648,2025-07-26,Instagram,Video,21,71444,6,30528,45342,1263,251,142
649,2025-07-09,Instagram,Image,13,67397,9,15467,24997,959,129,90
650,2025-02-26,YouTube,Image,9,117837,13,42663,63383,2479,398,291
651,2025-07-04,Twitter/X,Video,18,100324,2,27520,38575,1320,163,69
652,2025-06-17,Twitter/X,Image,4,12104,14,3284,4079,224,11,32
653,2025-04-22,LinkedIn,Carousel,11,116401,10,43523,61292,2559,357,319
654,2025-07-08,LinkedIn,Carousel,16,82476,3,19095,23189,1519,81,204
655,2025-03-01,Instagram,Text,10,78414,10,11092,17176,313,24,42
656,2025-07-27,LinkedIn,Reel/Short,11,37664,13,22143,29003,1660,311,210
657,2025-02-28,Facebook,Reel/Short,18,104217,11,93023,109379,2930,515,314
658,2025-03-10,Instagram,Video,16,109811,11,49908,88591,1211,70,137
659,2025-02-03,Instagram,Image,13,29966,,11924,13228,319,57,27
660,2025-05-22,Instagram,Carousel,19,97565,14,42389,60908,2201,323,103
661,2025-12-23,Twitter/X,Carousel,18,81149,10,12325,16242,409,33,56
662,2025-05-24,Instagram,Video,11,69017,,28797,38075,682,42,98
663,2025-06-11,LinkedIn,Reel/Short,19,85649,10,55854,65349,2443,164,188
664,2025-02-26,Instagram,Carousel,13,52806,7,13043,22882,687,42,75
665,2025-07-17,Instagram,Image,22,103637,7,37277,58125,758,108,47
666,2025-04-05,Twitter/X,Reel/Short,22,5275,5,1548,2273,104,17,12
667,2025-03-13,Instagram,Image,20,77238,1,25422,29841,828,147,94
668,2025-03-11,LinkedIn,Image,21,113641,8,12778,19942,709,133,56
669,2025-07-18,LinkedIn,Video,12,7181,1,890,1543,52,3,5
670,2025-12-24,Twitter/X,Reel/Short,9,112589,0,26625,30778,782,135,27
671,2025-09-30,LinkedIn,Carousel,7,75875,11,13059,21394,928,108,66
672,2025-06-01,Facebook,Reel/Short,12,105401,7,95391,116307,5819,498,487
673,2025-12-11,LinkedIn,Reel/Short,11,74545,6,44671,77226,2096,261,279
674,2025-12-25,Facebook,Reel/Short,10,106450,3,36985,41999,755,120,30
675,2025-07-21,YouTube,Reel/Short,8,8821,2,5166,8148,302,19,21
676,2025-09-19,YouTube,Image,13,117630,6,37587,48335,2405,444,230
677,2025-08-09,Facebook,Carousel,20,105492,7,80012,111060,3074,538,408
678,2025-03-31,Instagram,Carousel,9,38344,9,16429,29514,659,130,97
679,2025-12-24,Instagram,Image,9,55671,2,17559,29884,1179,151,104
680,2025-09-06,LinkedIn,Reel/Short,12,21559,12,3989,6940,148,11,11
681,2025-05-18,LinkedIn,Carousel,8,66496,3,11854,14671,354,66,24
682,2025-05-13,Facebook,Text,18,62225,7,14431,16670,740,91,75
683,2025-11-14,Instagram,Image,11,93019,2,32029,49040,2554,315,375
684,2025-12-27,Instagram,Reel/Short,12,71931,5,52714,84618,2566,156,355
685,2025-07-02,YouTube,Reel/Short,20,80552,0,63911,80263,5066,414,238
686,2025-10-24,Twitter/X,Video,10,96652,11,30978,49515,1233,176,156
687,2025-05-12,Instagram,Reel/Short,13,119045,8,58073,86188,4268,567,174
688,2025-06-02,YouTube,Carousel,3,40304,14,19739,35422,396,75,59
689,2025-07-21,Facebook,Video,8,65783,11,13605,21877,817,95,35
690,2025-11-25,Instagram,Video,13,11185,11,6424,10401,210,38,23
691,2025-07-10,Facebook,Video,19,25608,4,11093,12259,542,101,68
692,2025-12-31,LinkedIn,Video,17,67698,11,16725,24785,754,130,79
693,2025-01-28,Facebook,Reel/Short,20,28619,3,29488,52128,2276,233,94
694,2025-02-07,Instagram,Carousel,5,26109,10,9401,13679,346,30,50
695,2025-10-15,Instagram,Image,19,67540,13,16491,19607,1242,222,93
696,2025-09-12,Instagram,Reel/Short,15,90117,8,42548,47514,2107,237,280
697,2025-09-02,Instagram,Video,20,26005,12,15460,25947,475,63,31
698,2025-05-03,Twitter/X,Video,21,119804,7,16540,20211,521,81,78
699,2025-11-02,LinkedIn,Video,9,15251,8,2017,3582,118,16,5
700,2025-04-09,Instagram,Reel/Short,18,111701,10,91389,108206,7301,430,1073
701,2025-05-10,Instagram,Image,8,112566,14,36469,44200,1458,115,73
702,2025-02-25,Facebook,Reel/Short,16,119629,6,42044,51649,1776,242,197
703,2025-09-10,YouTube,Text,10,75463,4,10574,18773,588,81,67
704,2025-02-07,Facebook,Reel/Short,22,93636,0,37037,64710,2190,425,108
705,2025-05-04,Twitter/X,Image,18,26179,6,4695,7899,159,28,6
706,2025-12-14,Instagram,Video,20,38082,5,15383,21656,1028,140,102
707,2025-08-05,Instagram,Video,10,65365,3,14908,26143,636,36,90
708,2025-05-28,Facebook,Reel/Short,16,90948,,40446,62185,2010,233,244
709,2025-08-29,Twitter/X,Image,9,10857,8,4320,6961,318,,31
710,2025-12-15,Twitter/X,Image,16,109844,7,21365,29590,880,103,53
711,2025-11-06,YouTube,Video,19,20612,3,8948,9980,672,72,53
712,2025-12-24,Facebook,Carousel,13,89800,8,40402,47657,1570,307,77
713,2025-07-02,YouTube,Image,22,44257,7,15577,24022,710,61,48
714,2025-08-16,Instagram,Image,18,100082,5,49464,76005,1026,183,66
715,2025-04-27,Instagram,Text,21,93390,7,24114,37921,925,83,35
716,2025-06-28,Instagram,Video,10,43278,10,32616,51005,1518,297,208
717,2025-11-10,Facebook,Reel/Short,21,99333,15,118208,145551,4030,772,441
718,2025-10-10,Twitter/X,Carousel,11,51547,11,9972,12791,297,35,23
719,2025-07-07,YouTube,Video,15,66494,7,17986,24823,682,94,26
720,2025-08-17,LinkedIn,Image,10,40616,5,4857,7745,264,50,26
721,2025-02-04,Instagram,Reel/Short,18,113641,12,89438,101704,4833,521,276
722,2025-01-11,Twitter/X,Reel/Short,13,40831,5,21492,27524,1011,166,126
723,2025-12-09,Instagram,Video,20,71968,7,20094,25767,719,85,57
724,2025-10-23,Twitter/X,Carousel,18,79150,13,20785,36622,510,33,18
725,2025-05-20,YouTube,Reel/Short,19,56363,1,44685,73926,3439,573,169
726,2025-10-13,Twitter/X,Reel/Short,9,20121,6,9948,12578,525,31,75
727,2025-05-18,YouTube,Video,19,32740,6,21923,30426,474,29,54
728,2025-11-20,Facebook,Carousel,19,56653,14,21825,30308,1236,124,145
729,2025-02-13,Instagram,Carousel,22,66442,3,40099,52790,3074,188,396
730,2025-11-01,Instagram,Reel/Short,14,95578,4,31372,54343,1119,80,151
731,2025-01-26,Instagram,Carousel,9,41887,3,25986,30225,972,189,133
732,2025-12-11,Instagram,Video,11,5201,9,2416,3725,148,29,18
733,2025-04-22,Instagram,Video,21,5725,7,1401,1941,57,7,3
734,2025-10-30,Facebook,Video,20,47475,13,13532,15159,478,29,30
735,2025-02-04,Twitter/X,Reel/Short,18,30886,2,10784,12671,302,16,20
736,2025-04-02,LinkedIn,Reel/Short,21,101845,9,34230,58599,2394,255,232
737,2025-03-08,LinkedIn,Carousel,13,92839,4,19295,29352,1238,,146
738,2025-06-30,YouTube,Reel/Short,8,106310,7,83520,113776,6616,1023,981
739,2025-08-27,Twitter/X,Image,11,44818,10,6133,7842,124,8,11
740,2025-05-24,Twitter/X,Text,11,84707,14,10888,14893,471,25,36
741,2025-08-06,Facebook,Reel/Short,18,113832,10,140681,163146,8038,717,710
742,2025-09-16,Instagram,Text,20,100336,5,32854,44297,817,121,49
743,2025-04-02,Instagram,Video,11,118753,9,75143,99101,5268,785,660
744,2025-01-02,Instagram,Image,23,97979,5,29479,37609,2202,139,263
745,2025-05-23,Twitter/X,Video,11,85898,15,34198,48529,2106,322,71
746,2025-09-25,LinkedIn,Reel/Short,8,104164,4,21687,29515,979,158,41
747,2025-07-07,Instagram,Video,22,75746,6,33181,37472,1668,251,75
748,2025-10-09,YouTube,Reel/Short,11,59247,9,43598,71145,916,63,72
749,2025-03-08,Facebook,Reel/Short,15,108040,4,64890,116485,3609,566,269
750,2025-04-05,LinkedIn,Video,7,54166,7,14571,25118,482,65,28
751,2025-08-17,Instagram,Text,12,101037,3,11973,13546,580,63,62
752,2025-10-30,YouTube,Image,7,8947,1,2134,3815,67,9,4
753,2025-04-21,Twitter/X,Video,9,43196,2,8166,10426,395,24,36
754,2025-06-16,Facebook,Image,8,12851,3,1598,2220,33,1,4
755,2025-10-04,Twitter/X,Reel/Short,16,68898,10,35628,51011,2295,270,269
756,2025-10-29,LinkedIn,Reel/Short,17,61198,10,22339,33004,1371,126,45
757,2025-12-03,Facebook,Text,5,29055,12,4129,5121,220,39,14
758,2025-02-03,Twitter/X,Text,7,97770,4,13527,23546,879,77,119
759,2025-12-04,Instagram,Video,18,113108,4,56388,92057,2748,198,253
760,2025-08-31,LinkedIn,Text,5,35655,14,2488,3437,108,15,14
761,2025-07-23,LinkedIn,Image,10,16863,15,1895,2792,89,6,4
762,2025-10-31,Twitter/X,Carousel,11,84389,13,20624,29997,803,123,63
763,2025-01-26,YouTube,Image,17,80440,14,33853,53483,1411,269,149
764,2025-04-30,LinkedIn,Reel/Short,21,70033,11,23050,27419,602,84,41
765,2025-03-21,Facebook,Video,14,14175,4,5751,7016,269,49,11
766,2025-12-20,Facebook,Image,21,59118,7,15428,23904,1046,157,151
767,2025-04-28,Twitter/X,Image,13,33310,4,4647,7516,266,43,25
768,2025-09-28,Twitter/X,Video,1,40870,10,6612,10079,218,31,14
769,2025-03-19,Instagram,Image,15,69041,1,12434,20305,284,18,29
770,2025-03-31,YouTube,Image,15,15587,1,3577,6197,80,7,11
771,2025-09-15,Twitter/X,Reel/Short,20,31723,1,8624,15509,306,31,12
772,2025-01-15,Instagram,Reel/Short,22,73887,,61835,71699,4657,587,416
773,2025-01-19,LinkedIn,Reel/Short,17,43200,2,10813,17915,551,65,22
774,2025-08-15,Instagram,Reel/Short,16,95447,9,42306,50577,1447,187,206
775,2025-06-20,LinkedIn,Text,17,45568,0,3921,4318,,47,9
776,2025-08-09,Instagram,Reel/Short,7,49485,9,20501,28602,547,107,70
777,2025-02-27,Facebook,Carousel,20,34708,1,8885,15135,517,30,44
778,2025-10-19,Facebook,Image,20,87110,8,34358,49663,1320,173,97
779,2025-04-20,YouTube,Carousel,8,42206,4,36687,61776,1277,224,42
780,2025-06-10,Instagram,Image,19,115462,7,35868,41501,2054,272,119
781,2025-02-17,Instagram,Image,7,81277,15,10292,17959,741,111,45
782,2025-10-05,LinkedIn,Image,9,68582,8,15864,21517,943,74,136
783,2025-05-07,Instagram,Carousel,12,105790,10,28866,39648,951,77,128
784,2025-12-19,Instagram,Carousel,17,10891,5,2330,4108,156,,8
785,2025-04-23,Instagram,Image,16,31236,5,10026,11473,543,61,49
786,2025-04-24,Twitter/X,Video,21,6668,7,3608,4288,254,26,20
787,2025-09-05,Instagram,Carousel,22,94737,7,37129,63303,1311,156,126
788,2025-12-27,Facebook,Carousel,15,73805,11,24085,29926,954,179,89
789,2025-05-09,YouTube,Text,9,13428,5,3562,4212,144,9,10
790,2025-10-14,Instagram,Video,15,20590,5,10967,12610,443,41,41
791,2025-05-23,Instagram,Reel/Short,12,77924,7,28713,39645,1813,106,57
792,2025-05-21,Instagram,Reel/Short,15,12363,7,11847,20152,941,99,46
793,2025-11-26,LinkedIn,Image,10,104617,13,13276,19064,397,29,57
794,2025-11-20,YouTube,Image,14,32986,11,8523,12840,528,70,38
795,2025-09-10,Facebook,Image,23,82340,,21022,24961,1163,202,40
796,2025-05-17,Twitter/X,Video,12,20871,6,6750,11454,175,24,24
797,2025-08-04,Twitter/X,Image,11,102603,14,17211,27373,830,126,111
798,2025-10-25,Instagram,Image,14,86891,13,32033,39443,1542,228,53
799,2025-04-23,Facebook,Carousel,21,82927,3,27706,46226,2153,275,266
800,2025-05-14,YouTube,Reel/Short,1,117644,11,73103,86348,5141,943,371
801,2025-08-06,Facebook,Text,19,64052,9,12874,18904,497,64,42
802,2025-09-20,Instagram,Reel/Short,19,99429,0,71353,79954,4132,821,301
803,2025-06-20,LinkedIn,Carousel,8,18850,,3548,4576,243,40,33
804,2025-03-06,YouTube,Reel/Short,22,53716,2,32377,51168,2146,107,142
805,2025-12-24,Instagram,Text,8,110253,15,16668,29693,679,75,90
806,2025-07-13,Facebook,Image,23,62324,5,8031,12085,349,18,36
807,2025-10-19,LinkedIn,Carousel,14,117365,13,18319,21898,1134,64,128
808,2025-02-06,Instagram,Text,6,13942,2,2000,2325,112,19,14
809,2025-08-27,Twitter/X,Image,18,10495,3,3290,5724,79,11,3
810,2025-08-27,Facebook,Image,14,45239,14,6370,7914,274,43,34
811,2025-02-25,Twitter/X,Video,18,80073,6,12002,14534,471,75,62
812,2025-08-09,Facebook,Carousel,13,43999,12,8851,12434,285,22,40
813,2025-09-30,Facebook,Video,15,20953,13,6007,8819,354,66,26
814,2025-07-07,LinkedIn,Image,12,34922,3,5304,6559,347,26,37
815,2025-03-27,Facebook,Image,17,106578,5,24121,36680,1388,162,162
816,2025-06-08,Instagram,Reel/Short,17,86072,1,29811,45095,1577,148,213
817,2025-10-04,Instagram,Reel/Short,14,62180,2,20862,29866,511,34,65
818,2025-06-24,Facebook,Video,18,37566,2,11816,16497,462,73,59
819,2025-07-23,LinkedIn,Carousel,20,94221,14,16153,29006,1103,98,134
820,2025-07-02,LinkedIn,Image,13,27294,0,1678,2635,41,8,3
821,2025-04-15,Twitter/X,Image,0,97674,4,20553,27107,1488,250,117
822,2025-04-10,Twitter/X,Carousel,17,116188,13,33261,54101,1367,231,194
823,2025-01-11,LinkedIn,Reel/Short,20,71528,7,41686,48696,1515,113,219
824,2025-11-21,Twitter/X,Video,20,54540,11,13490,22483,1033,88,91
825,2025-04-09,Twitter/X,Reel/Short,18,10020,9,9488,14253,640,78,57
826,2025-10-17,Facebook,Reel/Short,7,27252,11,8730,10557,623,71,74
827,2025-06-27,Facebook,Image,16,85206,2,21357,25699,1043,110,136
828,2025-01-13,Instagram,Reel/Short,20,77426,13,107324,168490,8132,1231,838
829,2025-07-10,LinkedIn,Video,8,74428,4,11699,15355,310,32,30
830,2025-04-25,Instagram,Text,17,59649,4,10432,13961,580,112,66
831,2025-09-12,Twitter/X,Reel/Short,23,65799,14,14140,17938,283,48,16
832,2025-09-18,Instagram,Reel/Short,8,41062,2,16805,28552,1130,164,166
833,2025-04-06,Instagram,Reel/Short,19,108614,3,101645,139256,4172,480,266
834,2025-11-21,LinkedIn,Reel/Short,10,90485,7,17366,29614,1041,158,154
835,2025-06-08,Facebook,Carousel,17,21595,2,3559,4572,246,22,12
836,2025-08-30,Facebook,Text,12,30425,5,6766,9915,427,56,16
837,2025-04-16,Instagram,Carousel,10,106465,13,52605,69867,3115,579,152
838,2025-06-20,Twitter/X,Reel/Short,23,11735,8,3366,4152,192,25,8
839,2025-09-05,Twitter/X,Image,15,75818,15,19285,33371,1348,228,131
840,2025-10-02,Facebook,Image,7,53893,9,7916,10892,441,42,63
841,2025-11-21,Twitter/X,Reel/Short,16,19802,4,5600,9745,379,29,22
842,2025-04-14,Twitter/X,Reel/Short,22,61992,3,22072,34799,1612,230,68
843,2025-09-17,Instagram,Carousel,5,72120,14,24540,43383,705,82,54
844,2025-05-08,YouTube,Text,7,116910,5,36815,58063,1159,66,146
845,2025-08-09,Facebook,Carousel,12,104751,5,27594,33080,2155,361,181
846,2025-10-15,Facebook,Image,6,17132,1,3239,5454,213,41,7
847,2025-10-19,Instagram,Text,12,30549,13,4003,7083,186,24,22
848,2025-05-08,Twitter/X,Image,10,112557,0,13569,20031,584,60,22
849,2025-08-24,Twitter/X,Carousel,9,117591,7,30249,33630,1989,191,174
850,2025-11-17,YouTube,Text,6,76379,10,17447,22123,806,44,89
851,2025-04-22,Facebook,Carousel,19,84678,4,14379,24218,435,86,19
852,2025-07-24,Instagram,Text,12,46161,11,9064,13339,581,56,50
853,2025-11-07,YouTube,Text,16,15363,1,4355,6669,348,32,32
854,2025-02-11,Twitter/X,Carousel,13,44933,7,9389,16527,443,23,56
855,2025-12-24,Instagram,Carousel,16,58150,6,14907,21993,1143,89,92
856,2025-08-29,Facebook,Reel/Short,18,111806,8,48999,77971,2558,503,143
857,2025-02-28,YouTube,Reel/Short,10,37198,3,26028,36677,1280,218,54
858,2025-08-26,Instagram,Reel/Short,21,15182,11,22997,25352,865,85,83
859,2025-04-23,YouTube,Video,22,27285,3,7846,10751,273,18,34
860,2025-10-06,Instagram,Carousel,13,20306,12,4360,6801,268,49,33
861,2025-01-27,Instagram,Reel/Short,6,48146,2,21568,30308,679,114,29
862,2025-10-29,Instagram,Video,20,36991,5,23335,40841,797,80,117
863,2025-12-25,YouTube,Carousel,20,59015,10,24317,42997,1062,67,46
864,2025-01-25,YouTube,Reel/Short,7,50431,8,46680,72005,2663,321,180
865,2025-08-12,Facebook,Reel/Short,14,89946,5,19914,33657,1433,163,87
866,2025-04-15,Instagram,Carousel,19,29552,8,11458,14469,323,62,37
867,2025-03-16,Instagram,Reel/Short,21,114849,15,53729,93406,2358,390,116
868,2025-10-31,Twitter/X,Image,15,34549,11,6174,11089,338,26,10
869,2025-10-13,Facebook,Text,13,90918,5,6076,7994,237,19,8
870,2025-10-02,Instagram,Reel/Short,13,11670,0,3601,6153,272,31,19
871,2025-01-09,Facebook,Video,10,113112,3,24048,29589,962,57,44
872,2025-02-13,Facebook,Video,20,114384,4,51317,89980,2028,373,117
873,2025-03-30,YouTube,Carousel,8,116179,13,24795,31900,1499,218,151
874,2025-12-31,Facebook,Image,12,35379,15,8639,13032,322,32,13
875,2025-08-11,YouTube,Text,19,32352,13,19793,31581,1520,236,49
876,2025-04-19,Instagram,Text,17,76162,12,18257,27398,611,65,78
877,2025-12-20,Twitter/X,Carousel,8,110475,2,23969,36956,879,121,47
878,2025-02-18,Facebook,Image,23,39250,10,6293,7506,394,60,34
879,2025-09-02,LinkedIn,Reel/Short,19,28511,0,6567,10177,402,47,23
880,2025-07-22,Twitter/X,Text,14,71063,2,6042,7211,,48,34
881,2025-03-08,Twitter/X,Text,23,34404,7,3167,4624,174,28,9
882,2025-01-29,Instagram,Text,14,11316,5,2657,3619,158,19,22
883,2025-01-24,YouTube,Reel/Short,7,31619,8,28939,42382,1205,173,53
884,2025-05-25,YouTube,Carousel,22,39409,4,20302,23755,905,179,107
885,2025-06-30,Instagram,Reel/Short,19,70222,7,67160,91632,3270,605,236
886,2025-01-25,Twitter/X,Carousel,14,38732,11,19295,29692,600,62,64
887,2025-05-29,Instagram,Video,19,35427,13,12511,19400,257,28,26
888,2025-07-01,YouTube,Text,11,106682,2,11739,19559,240,34,35
889,2025-11-26,Instagram,Text,6,63980,1,9733,14820,598,83,24
890,2025-05-15,LinkedIn,Video,12,113690,14,14070,15523,656,107,19
891,2025-08-04,Instagram,Carousel,10,104936,3,25349,35319,535,55,30
892,2025-03-23,Instagram,Text,12,96014,12,11325,18970,318,27,35
893,2025-07-03,LinkedIn,Video,2,97836,14,21126,29189,1622,129,128
894,2025-12-24,Instagram,Carousel,22,78558,11,24354,42016,1259,208,84
895,2025-01-30,YouTube,Video,16,17535,12,12977,15316,1027,108,126
896,2025-09-01,Facebook,Video,13,58552,7,16087,21641,351,41,16
897,2025-03-16,Facebook,Carousel,22,6751,10,2885,4438,67,7,5
898,2025-05-03,YouTube,Carousel,1,71619,12,23719,41175,830,163,42
899,2025-11-19,Facebook,Reel/Short,4,28093,10,11737,14718,336,40,43
900,2025-07-29,YouTube,Carousel,6,61740,12,47015,83166,3540,516,397
901,2025-02-27,Instagram,Reel/Short,12,88558,15,52884,80515,3855,496,547
902,2025-09-16,Instagram,Image,18,35809,12,8512,13610,481,81,50
903,2025-12-27,Instagram,Video,20,48940,4,20294,35037,1410,81,175
904,2025-02-22,LinkedIn,Image,10,65980,0,5426,9165,360,42,17
905,2025-10-14,Twitter/X,Image,12,32590,9,5058,6216,218,32,27
906,2025-10-05,Facebook,Video,17,25097,13,5866,7984,287,36,10
907,2025-05-06,Instagram,Reel/Short,9,117581,5,66385,108756,2939,461,277
908,2025-06-16,Facebook,Video,19,109118,15,103379,160337,4638,279,582
909,2025-06-13,LinkedIn,Image,18,42871,4,9673,14530,332,49,11
910,2025-04-02,Facebook,Reel/Short,20,59713,3,22723,26254,1023,156,146
911,2025-07-09,Facebook,Reel/Short,8,91587,9,90773,120069,7219,1284,833
912,2025-05-29,YouTube,Video,14,43297,10,25907,41868,1878,130,183
913,2025-11-05,Instagram,Image,20,83988,11,35772,44512,2596,245,185
914,2025-11-23,Twitter/X,Reel/Short,13,72691,7,19893,23463,1332,193,78
915,2025-02-13,Facebook,Carousel,18,119124,9,51247,64498,3389,371,236
916,2025-03-06,YouTube,Reel/Short,21,113424,10,114574,160631,7761,644,406
917,2025-04-10,Facebook,Text,11,75938,4,11681,14008,794,43,53
918,2025-02-03,Instagram,Carousel,10,61306,12,21202,28731,847,153,58
919,2025-11-12,Twitter/X,Image,22,38478,2,6047,7744,325,23,39
920,2025-10-16,Instagram,Text,17,90627,2,24490,40606,1013,171,45
921,2025-10-07,YouTube,Carousel,21,33414,10,35839,48836,1616,318,55
922,2025-12-24,Instagram,Carousel,21,110338,11,32876,46174,987,188,111
923,2025-10-22,YouTube,Image,16,117855,1,26386,42703,1738,97,102
924,2025-12-09,Facebook,Video,19,63096,12,15250,21094,916,178,83
925,2025-07-06,Instagram,Video,18,78085,0,31384,43835,2439,371,218
926,2025-06-09,Instagram,Image,11,51628,5,13116,20724,535,30,65
927,2025-06-01,LinkedIn,Carousel,18,88813,11,28092,37128,1640,277,204
928,2025-12-06,Instagram,Carousel,8,22791,15,6366,8631,399,59,57
929,2025-07-19,Facebook,Text,10,69815,12,7286,11726,461,87,35
930,2025-09-23,Twitter/X,Carousel,8,111991,3,43472,62291,1574,279,158
931,2025-04-07,LinkedIn,Carousel,12,34263,14,8398,13423,303,36,20
932,2025-11-09,Twitter/X,Image,14,6330,5,1224,1818,71,13,3
933,2025-11-15,Instagram,Reel/Short,13,50470,13,26079,35135,754,40,25
934,2025-07-05,Facebook,Reel/Short,12,52078,2,27816,49445,1247,224,37
935,2025-10-16,LinkedIn,Image,15,113463,5,32869,58682,1836,241,67
936,2025-07-04,Twitter/X,Carousel,22,77613,9,29152,48013,1772,94,240
937,2025-12-05,YouTube,Image,8,64697,2,24617,33628,780,95,104
938,2025-07-04,LinkedIn,Carousel,14,58863,10,15203,20777,851,133,83
939,2025-07-13,Facebook,Text,14,37016,9,4064,6265,94,6,13
940,2025-08-01,Instagram,Reel/Short,16,39234,10,20056,24188,1068,176,158
941,2025-05-17,Facebook,Video,21,59921,3,29963,51776,1502,148,114
942,2025-01-25,Facebook,Image,6,92119,3,21876,28023,1081,203,108
943,2025-05-27,YouTube,Carousel,13,77608,13,23741,36255,528,56,67
944,2025-09-13,Instagram,Text,11,68399,6,14238,19678,1076,133,150
945,2025-08-23,LinkedIn,Text,19,67976,9,15083,17781,1183,97,42
946,2025-11-20,Instagram,Image,5,23621,12,5092,5929,160,31,17
947,2025-03-01,Instagram,Text,11,93367,7,8026,12294,285,26,15
948,2025-09-25,Instagram,Video,20,96086,2,35340,54465,1557,177,89
949,2025-10-12,Instagram,Image,21,102265,14,43035,54970,2951,343,99
950,2025-10-29,YouTube,Reel/Short,21,7800,10,6466,7327,167,28,10
951,2025-05-25,Facebook,Carousel,3,74654,8,27439,47366,1554,91,65
952,2025-07-15,LinkedIn,Text,6,36614,2,3832,4859,221,24,8
953,2025-04-01,Facebook,Image,21,21284,0,5664,7165,214,33,24
954,2025-10-15,Facebook,Reel/Short,12,22379,1,6465,9548,384,74,43
955,2025-04-13,Facebook,Carousel,20,77292,0,28788,33609,1732,281,211
956,2025-05-08,YouTube,Carousel,21,68553,8,41357,68465,1270,213,176
957,2025-04-04,Facebook,Reel/Short,16,51593,7,15557,26280,456,23,56
958,2025-06-29,Twitter/X,Reel/Short,21,88209,4,55824,89434,2212,253,317
959,2025-04-27,Facebook,Reel/Short,7,87019,6,48799,71253,2658,176,137
960,2025-05-07,Instagram,Carousel,12,73614,3,26154,37122,1648,326,221
961,2025-06-18,YouTube,Reel/Short,6,78896,6,37967,45294,1585,306,183
962,2025-07-17,YouTube,Video,19,59715,2,27460,40816,1853,317,224
963,2025-09-26,LinkedIn,Image,7,25153,10,3253,4862,201,37,17
964,2025-11-04,Instagram,Carousel,11,83772,4,16891,24710,1112,129,44
965,2025-09-07,YouTube,Reel/Short,21,31888,10,22572,30308,1802,142,192
966,2025-12-28,Twitter/X,Reel/Short,4,98695,7,37962,56374,2660,530,110
967,2025-05-17,Facebook,Reel/Short,10,74380,10,52933,71245,1429,232,164
968,2025-01-28,Instagram,Carousel,21,71686,11,47140,57934,3332,338,464
969,2025-12-26,LinkedIn,Carousel,19,116440,,47317,82819,3585,316,273
970,2025-11-02,Facebook,Reel/Short,16,91713,13,41350,53175,2142,182,182
971,2025-04-06,Instagram,Carousel,14,28221,0,6869,11462,366,67,39
972,2025-08-30,Twitter/X,Reel/Short,17,11993,7,3749,4498,102,8,13
973,2025-11-07,Twitter/X,Image,19,83939,3,19365,31960,815,83,110
974,2025-02-13,Twitter/X,Video,23,44337,15,10657,15629,667,110,56
975,2025-04-07,Facebook,Carousel,20,44183,6,21280,33662,968,171,139
976,2025-12-01,Facebook,Video,12,82703,12,17630,21525,1109,107,158
977,2025-12-10,LinkedIn,Reel/Short,8,31166,8,7479,9115,276,37,31
978,2025-05-05,Twitter/X,Video,9,15312,0,4317,5421,242,34,17
979,2025-09-04,Facebook,Reel/Short,7,87855,8,56680,72966,2080,340,200
980,2025-09-21,Instagram,Text,14,9658,15,1749,3042,115,7,6
981,2025-01-16,Facebook,Carousel,19,7879,7,1803,2184,60,4,7
982,2025-03-18,LinkedIn,Carousel,10,21831,15,2732,4197,88,7,12
983,2025-09-04,Twitter/X,Text,13,36300,13,7322,12520,217,24,20
984,2025-07-14,Facebook,Reel/Short,20,76646,15,43389,53435,1374,174,70
985,2025-07-16,Facebook,Reel/Short,13,108005,3,29571,34760,1108,83,90
986,2025-06-10,LinkedIn,Image,10,7087,14,631,1108,45,8,3
987,2025-01-27,Instagram,Reel/Short,19,55885,6,28340,37450,1949,194,119
988,2025-05-24,Instagram,Carousel,19,40525,0,12060,20692,929,179,128
989,2025-06-13,Facebook,Image,15,68441,15,12905,20742,427,26,45
990,2025-03-16,Facebook,Reel/Short,13,38328,8,24176,27061,1658,279,119
991,2025-01-25,Instagram,Image,12,119975,12,28867,37077,,208,103
992,2025-02-09,Facebook,Video,22,34622,15,9955,11006,249,41,28
993,2025-11-27,Instagram,Image,1,93057,13,33465,44424,2282,428,340
994,2025-09-29,Instagram,Carousel,21,109175,4,41317,69780,3135,537,208
995,2025-04-14,YouTube,Video,16,32508,7,8393,10877,663,116,92
996,2025-06-14,Facebook,Reel/Short,10,58467,13,12983,20880,908,72,92
997,2025-02-04,Instagram,Carousel,18,54388,1,15209,23186,903,77,93
998,2025-12-01,LinkedIn,Text,22,86153,9,11247,12772,744,76,102
999,2025-06-13,Instagram,Reel/Short,10,61125,6,16595,28681,800,47,103
1000,2025-07-15,Twitter/X,Image,16,17292,6,2692,3834,68,,2
675,2025-07-21,YouTube,Reel/Short,8,8821,2,5166,8148,302,19,21
308,2025-07-22,Facebook,Reel/Short,9,113403,15,80422,141192,2084,379,62
291,2025-01-07,Instagram,Image,7,31048,6,8017,8939,558,103,18
185,2025-04-11,Instagram,Video,19,9316,14,4316,6935,274,48,37
282,2025-12-16,LinkedIn,Text,14,15167,4,1104,1687,48,9,2
724,2025-10-23,Twitter/X,Carousel,18,79150,13,20785,36622,510,33,18
389,2025-01-04,LinkedIn,Image,14,44384,0,5922,10155,184,33,13
973,2025-11-07,Twitter/X,Image,19,83939,3,19365,31960,815,83,110
963,2025-09-26,LinkedIn,Image,7,25153,10,3253,4862,201,37,17
154,2025-09-06,Instagram,Video,17,76389,11,22681,32226,1578,237,122
